Metric,Value
Accuracy,0.844532534081021
Precision,0.8053892215568862
Recall,0.7958579881656804
F1-Score,0.8005952380952381
ROC-AUC,0.8995332444551529
